[
  {
    "_id": {
      "$oid": "677639cb64308b43b11a70d3"
    },
    "name": "Việt Nam",
    "thanhpho": [
      {
        "$oid": "6776502164308b43b11a70f9"
      },
      {
        "$oid": "677650dc64308b43b11a70ff"
      },
      {
        "$oid": "6777a33335b1ecb4702185a3"
      },
      {
        "$oid": "677f8d1bb8cb3e7017906a12"
      },
      {
        "$oid": "677f8d51b8cb3e7017906a1b"
      },
      {
        "$oid": "677f8d78b8cb3e7017906a25"
      },
      {
        "$oid": "677f8d96b8cb3e7017906a30"
      },
      {
        "$oid": "677f8da7b8cb3e7017906a3c"
      },
      {
        "$oid": "677f8dd5b8cb3e7017906a49"
      },
      {
        "$oid": "677f8de4b8cb3e7017906a7d"
      },
      {
        "$oid": "677f8df2b8cb3e7017906a8e"
      },
      {
        "$oid": "677f8dffb8cb3e7017906a9e"
      },
      {
        "$oid": "677f8e13b8cb3e7017906b31"
      },
      {
        "$oid": "677f8e2eb8cb3e7017906b43"
      },
      {
        "$oid": "677f8e42b8cb3e7017906b56"
      },
      {
        "$oid": "677f8e55b8cb3e7017906b7e"
      },
      {
        "$oid": "677f8e6cb8cb3e7017906bb3"
      },
      {
        "$oid": "677f8ea1b8cb3e7017906bc9"
      },
      {
        "$oid": "677f8eb9b8cb3e7017906bec"
      },
      {
        "$oid": "677f8ecab8cb3e7017906c1c"
      },
      {
        "$oid": "677f8eddb8cb3e7017906c4c"
      },
      {
        "$oid": "677f8ef0b8cb3e7017906c66"
      }
    ],
    "__v": 22
  },
  {
    "_id": {
      "$oid": "67763cde64308b43b11a70d8"
    },
    "name": "Đông Nam Á",
    "thanhpho": [
      {
        "$oid": "67778e7535b1ecb4702183b1"
      },
      {
        "$oid": "67778e9135b1ecb4702183b7"
      },
      {
        "$oid": "677f8f41b8cb3e7017906c9c"
      },
      {
        "$oid": "677f8f54b8cb3e7017906cbd"
      },
      {
        "$oid": "677f8f66b8cb3e7017906cc6"
      },
      {
        "$oid": "677f8f73b8cb3e7017906cd0"
      },
      {
        "$oid": "677f8f85b8cb3e7017906cdb"
      },
      {
        "$oid": "677f8f91b8cb3e7017906cf5"
      },
      {
        "$oid": "677f8f9cb8cb3e7017906d19"
      },
      {
        "$oid": "677f8fe1b8cb3e7017906d27"
      },
      {
        "$oid": "677f8fedb8cb3e7017906d36"
      },
      {
        "$oid": "677f8ffab8cb3e7017906d8a"
      },
      {
        "$oid": "677f9006b8cb3e7017906ded"
      }
    ],
    "__v": 13
  },
  {
    "_id": {
      "$oid": "677f9030b8cb3e7017906e0e"
    },
    "name": "Đông Bắc Á",
    "thanhpho": [
      {
        "$oid": "677f9051b8cb3e7017906e13"
      },
      {
        "$oid": "677f9060b8cb3e7017906e22"
      },
      {
        "$oid": "677f906db8cb3e7017906e78"
      },
      {
        "$oid": "677f9086b8cb3e7017906ece"
      },
      {
        "$oid": "677f9099b8cb3e7017906ed7"
      },
      {
        "$oid": "677f90a7b8cb3e7017906ee1"
      },
      {
        "$oid": "677f90b0b8cb3e7017906eec"
      },
      {
        "$oid": "677f90c2b8cb3e7017906f10"
      },
      {
        "$oid": "677f923eb8cb3e7017907182"
      },
      {
        "$oid": "677f924fb8cb3e7017907190"
      },
      {
        "$oid": "677f9263b8cb3e701790719f"
      },
      {
        "$oid": "677f926fb8cb3e70179071af"
      },
      {
        "$oid": "677f927db8cb3e70179071c0"
      },
      {
        "$oid": "677f92a9b8cb3e70179071d9"
      },
      {
        "$oid": "677f92b9b8cb3e70179071ec"
      },
      {
        "$oid": "677f92ccb8cb3e7017907273"
      },
      {
        "$oid": "677f92d5b8cb3e7017907288"
      },
      {
        "$oid": "677f92e7b8cb3e701790729e"
      },
      {
        "$oid": "677f92f9b8cb3e70179072b5"
      },
      {
        "$oid": "677f9312b8cb3e70179072cd"
      },
      {
        "$oid": "677f9324b8cb3e70179072e6"
      },
      {
        "$oid": "677f9345b8cb3e7017907300"
      }
    ],
    "__v": 22
  },
  {
    "_id": {
      "$oid": "677f935db8cb3e7017907333"
    },
    "name": "Châu Âu",
    "thanhpho": [
      {
        "$oid": "677f9373b8cb3e7017907338"
      },
      {
        "$oid": "677f9380b8cb3e701790733e"
      },
      {
        "$oid": "677f938db8cb3e7017907345"
      },
      {
        "$oid": "677f93a3b8cb3e7017907353"
      },
      {
        "$oid": "677f93c5b8cb3e701790737a"
      },
      {
        "$oid": "677f93d1b8cb3e7017907384"
      },
      {
        "$oid": "677f93e1b8cb3e701790738f"
      },
      {
        "$oid": "677f93fab8cb3e701790739d"
      },
      {
        "$oid": "677f941ab8cb3e70179073aa"
      },
      {
        "$oid": "677f9426b8cb3e70179073ba"
      },
      {
        "$oid": "677f942eb8cb3e70179073cb"
      },
      {
        "$oid": "677f9439b8cb3e70179073db"
      },
      {
        "$oid": "677f944eb8cb3e70179073ec"
      },
      {
        "$oid": "677f9457b8cb3e70179073fe"
      },
      {
        "$oid": "677f9466b8cb3e7017907411"
      },
      {
        "$oid": "677f946eb8cb3e7017907425"
      },
      {
        "$oid": "677f9485b8cb3e701790743a"
      },
      {
        "$oid": "677f9495b8cb3e701790745c"
      },
      {
        "$oid": "677f94a8b8cb3e7017907473"
      },
      {
        "$oid": "677f94bab8cb3e701790748b"
      },
      {
        "$oid": "677f94c3b8cb3e70179074a4"
      },
      {
        "$oid": "677f94d2b8cb3e70179074be"
      }
    ],
    "__v": 22
  },
  {
    "_id": {
      "$oid": "677f94ebb8cb3e70179074da"
    },
    "name": "Châu Mỹ",
    "thanhpho": [
      {
        "$oid": "677f950ab8cb3e70179074e1"
      },
      {
        "$oid": "677f95a7b8cb3e7017907682"
      },
      {
        "$oid": "677f95bab8cb3e7017907689"
      },
      {
        "$oid": "677f95c8b8cb3e7017907691"
      },
      {
        "$oid": "677f95e4b8cb3e701790769a"
      },
      {
        "$oid": "677f95ecb8cb3e70179076a4"
      },
      {
        "$oid": "677f95f9b8cb3e70179076af"
      },
      {
        "$oid": "677f960fb8cb3e70179076bb"
      },
      {
        "$oid": "677f961bb8cb3e70179076c8"
      },
      {
        "$oid": "677f963bb8cb3e70179076d6"
      },
      {
        "$oid": "677f9656b8cb3e70179076e5"
      },
      {
        "$oid": "677f9673b8cb3e70179076f5"
      },
      {
        "$oid": "677f96f0b8cb3e701790770e"
      },
      {
        "$oid": "677f970bb8cb3e7017907720"
      },
      {
        "$oid": "677f9724b8cb3e7017907739"
      },
      {
        "$oid": "677f9737b8cb3e7017907753"
      },
      {
        "$oid": "677f974db8cb3e7017907768"
      },
      {
        "$oid": "677f975ab8cb3e70179077df"
      },
      {
        "$oid": "677f9774b8cb3e7017907920"
      },
      {
        "$oid": "677f978cb8cb3e7017907b2a"
      },
      {
        "$oid": "677f9796b8cb3e7017907b43"
      },
      {
        "$oid": "677f97a4b8cb3e7017907b5d"
      }
    ],
    "__v": 22
  },
  {
    "_id": {
      "$oid": "677f97bab8cb3e7017907b79"
    },
    "name": "Châu Úc",
    "thanhpho": [
      {
        "$oid": "677f97cbb8cb3e7017907cb1"
      },
      {
        "$oid": "677f97d9b8cb3e7017907d1f"
      },
      {
        "$oid": "677f97eab8cb3e7017907d26"
      },
      {
        "$oid": "677f97f4b8cb3e7017907d2e"
      },
      {
        "$oid": "677f980ab8cb3e7017907d37"
      },
      {
        "$oid": "677f9817b8cb3e7017907f5a"
      },
      {
        "$oid": "677f9829a956d665b4289cff"
      },
      {
        "$oid": "677f9835a956d665b4289d7c"
      },
      {
        "$oid": "677f9841a956d665b4289d89"
      },
      {
        "$oid": "677f9854a956d665b4289d97"
      },
      {
        "$oid": "677f986ba956d665b4289da6"
      },
      {
        "$oid": "677f987fa956d665b4289db6"
      }
    ],
    "__v": 12
  },
  {
    "_id": {
      "$oid": "677f988fa956d665b4289dd2"
    },
    "name": "Châu Phi",
    "thanhpho": [
      {
        "$oid": "677f98a9a956d665b428a091"
      },
      {
        "$oid": "677f98bea956d665b428a18a"
      }
    ],
    "__v": 2
  }
]